Cluster,Edad_Promedio,Gasto_Mensual_Promedio
0,37.666666666666664,423.33333333333337
1,47.0,937.5
2,23.333333333333336,210.00000000000006
